client0,"Ecological calendars and recycled paper products, Sustainable backpacks made from recycled materials, Rechargeable solar lanterns, Organic foods such as fruits, vegetables, and grains, Solar chargers for mobile devices"
client1,"Low-energy LED bulbs, Paraben-free and chemical-free facial creams, Bamboo fiber socks, Low-energy LED lamps"
client2,"Solar panels for home installation, Jeans made from recycled materials"
client3,"Sustainable backpacks made from recycled materials, Stainless steel cutlery sets, Organic foods such as fruits, vegetables, and grains"
client4,"Handmade soaps with natural ingredients, Vegan leather bags, Safe and durable climbing gear, Natural multi-purpose detergent, Low-energy LED bulbs"
client5,"Eco-friendly camping tents, Paraben-free and chemical-free facial creams, Stainless steel cutlery sets"
client6,"Organic shampoo and conditioner, Rechargeable Bluetooth headphones"
client7,"Organic foods such as fruits, vegetables, and grains, Rechargeable solar lanterns, Books on sustainability and environmental conservation, FSC-certified wooden furniture"
client8,"Vegan leather bags, Handmade soaps with natural ingredients"
client9,"Bamboo toothbrush, Natural multi-purpose detergent, Practical guides for a more eco-friendly lifestyle, Vegan leather bags, Low-energy LED bulbs"
client10,"Swimwear made from recycled fabrics, Rechargeable solar lanterns, Local and fair trade farm products, Natural multi-purpose detergent"
client11,"Paraben-free and chemical-free facial creams, Rechargeable Bluetooth headphones, Sustainable backpacks made from recycled materials, Solar chargers for mobile devices, Low-energy LED lamps"
client12,"Natural multi-purpose detergent, Vegan leather bags, Eco-friendly camping tents, Practical guides for a more eco-friendly lifestyle, Outdoor clothing made from sustainable fabrics"
client13,"Practical guides for a more eco-friendly lifestyle, Local and fair trade farm products, FSC-certified wooden furniture"
client14,"Bamboo toothbrush, Jeans made from recycled materials, Ecological calendars and recycled paper products, Safe and durable climbing gear"
client15,"Organic cotton T-shirts, Natural multi-purpose detergent"
client16,"Environmental documentary DVDs, Energy-efficient laptops, Low-energy LED lamps, Paraben-free and chemical-free facial creams"
client17,"Swimwear made from recycled fabrics, Handmade soaps with natural ingredients, Jeans made from recycled materials, Natural multi-purpose detergent"
client18,"Reusable water bottles, Ecological calendars and recycled paper products, Educational materials for children about the environment, Rechargeable solar lanterns"
client19,"Practical guides for a more eco-friendly lifestyle, Organic shampoo and conditioner, Safe and durable climbing gear"
client20,"Rechargeable solar lanterns, Swimwear made from recycled fabrics, Stainless steel cutlery sets, Organic cotton T-shirts, Sustainable backpacks made from recycled materials"
client21,"Handmade soaps with natural ingredients, Local and fair trade farm products, Non-toxic non-stick cookware"
client22,"Organic shampoo and conditioner, Bamboo fiber socks, Reusable water bottles"
client23,"Eco-friendly camping tents, Ecological calendars and recycled paper products, Stainless steel cutlery sets, Organic foods such as fruits, vegetables, and grains"
client24,"Solar chargers for mobile devices, Educational materials for children about the environment, Bamboo fiber socks, Environmental documentary DVDs"
client25,"Solar panels for home installation, Eco-friendly camping tents, Solar chargers for mobile devices"
client26,"Rechargeable Bluetooth headphones, Low-energy LED lamps, Non-toxic non-stick cookware"
client27,"Swimwear made from recycled fabrics, Rechargeable solar lanterns"
client28,"Bamboo fiber socks, Organic cotton T-shirts"
client29,"Natural multi-purpose detergent, Low-energy LED lamps, Solar panels for home installation"
client30,"Outdoor clothing made from sustainable fabrics, Safe and durable climbing gear, Low-energy LED bulbs"
client31,"FSC-certified wooden furniture, Environmental documentary DVDs, Bamboo hairbrushes, Natural multi-purpose detergent"
client32,"Swimwear made from recycled fabrics, Environmental documentary DVDs, Paraben-free and chemical-free facial creams"
client33,"Paraben-free and chemical-free facial creams, Handmade soaps with natural ingredients, Mineral makeup, Ecological calendars and recycled paper products"
client34,"Practical guides for a more eco-friendly lifestyle, Rechargeable Bluetooth headphones, Organic shampoo and conditioner, Healthy snacks free from artificial ingredients, Solar panels for home installation"
client35,"Swimwear made from recycled fabrics, Eco-friendly camping tents"
client36,"Healthy snacks free from artificial ingredients, Rechargeable solar lanterns, Energy-efficient laptops"
client37,"Practical guides for a more eco-friendly lifestyle, Energy-efficient laptops, Environmental documentary DVDs"
client38,"Stainless steel cutlery sets, Organic shampoo and conditioner, Bamboo hairbrushes"
client39,"Non-toxic non-stick cookware, Organic shampoo and conditioner, Environmental documentary DVDs, Bamboo toothbrush, Rechargeable solar lanterns"
client40,"Organic foods such as fruits, vegetables, and grains, Organic shampoo and conditioner"
client41,"Organic shampoo and conditioner, Bamboo toothbrush"
client42,"Natural multi-purpose detergent, Safe and durable climbing gear, Outdoor clothing made from sustainable fabrics"
client43,"Mineral makeup, Vegan leather bags, Low-energy LED lamps, Healthy snacks free from artificial ingredients"
client44,"Vegan leather bags, Eco-friendly camping tents, Outdoor clothing made from sustainable fabrics"
client45,"Eco-friendly camping tents, Vegan leather bags, Solar panels for home installation, Safe and durable climbing gear"
client46,"Organic shampoo and conditioner, Bamboo hairbrushes, Organic foods such as fruits, vegetables, and grains"
client47,"Handmade soaps with natural ingredients, Solar chargers for mobile devices, Jeans made from recycled materials"
client48,"FSC-certified wooden furniture, Ecological calendars and recycled paper products, Low-energy LED lamps"
client49,"Mineral makeup, Solar panels for home installation, Environmental documentary DVDs, Organic foods such as fruits, vegetables, and grains, Local and fair trade farm products"
client50,"Low-energy LED bulbs, Practical guides for a more eco-friendly lifestyle, Swimwear made from recycled fabrics"
client51,"Rechargeable solar lanterns, Eco-friendly camping tents, Books on sustainability and environmental conservation"
client52,"Stainless steel cutlery sets, Solar chargers for mobile devices"
client53,"Organic shampoo and conditioner, Low-energy LED bulbs, Healthy snacks free from artificial ingredients, Jeans made from recycled materials, Books on sustainability and environmental conservation"
client54,"Non-toxic non-stick cookware, Rechargeable Bluetooth headphones"
client55,"Reusable water bottles, Eco-friendly camping tents"
client56,"Solar chargers for mobile devices, Vegan leather bags, Organic shampoo and conditioner, Books on sustainability and environmental conservation, Swimwear made from recycled fabrics"
client57,"Sustainable backpacks made from recycled materials, Safe and durable climbing gear, Swimwear made from recycled fabrics"
client58,"Local and fair trade farm products, Organic cotton T-shirts"
client59,"Rechargeable solar lanterns, Safe and durable climbing gear, Organic shampoo and conditioner, Healthy snacks free from artificial ingredients"
client60,"Local and fair trade farm products, Ecological calendars and recycled paper products, Jeans made from recycled materials"
client61,"Healthy snacks free from artificial ingredients, Organic shampoo and conditioner, Bamboo fiber socks"
client62,"Handmade soaps with natural ingredients, Stainless steel cutlery sets, Natural multi-purpose detergent"
client63,"Bamboo fiber socks, Stainless steel cutlery sets, Low-energy LED bulbs, Rechargeable Bluetooth headphones, Local and fair trade farm products"
client64,"Organic shampoo and conditioner, Bamboo fiber socks, Organic foods such as fruits, vegetables, and grains"
client65,"Solar panels for home installation, Reusable water bottles"
client66,"Organic foods such as fruits, vegetables, and grains, Low-energy LED bulbs, Rechargeable solar lanterns, Swimwear made from recycled fabrics"
client67,"Vegan leather bags, Jeans made from recycled materials, Educational materials for children about the environment"
client68,"Mineral makeup, Natural multi-purpose detergent, Reusable water bottles, Organic cotton T-shirts"
client69,"Energy-efficient laptops, Non-toxic non-stick cookware"
client70,"Solar chargers for mobile devices, Healthy snacks free from artificial ingredients, Stainless steel cutlery sets"
client71,"Solar chargers for mobile devices, Swimwear made from recycled fabrics"
client72,"Non-toxic non-stick cookware, Bamboo toothbrush, Low-energy LED bulbs, Rechargeable solar lanterns, Environmental documentary DVDs"
client73,"Ecological calendars and recycled paper products, Organic cotton T-shirts, Organic foods such as fruits, vegetables, and grains, Solar chargers for mobile devices"
client74,"Reusable water bottles, Environmental documentary DVDs"
client75,"FSC-certified wooden furniture, Outdoor clothing made from sustainable fabrics"
client76,"Non-toxic non-stick cookware, Practical guides for a more eco-friendly lifestyle"
client77,"Low-energy LED lamps, Reusable water bottles, FSC-certified wooden furniture, Organic shampoo and conditioner, Practical guides for a more eco-friendly lifestyle"
client78,"Eco-friendly camping tents, Handmade soaps with natural ingredients"
client79,"Organic foods such as fruits, vegetables, and grains, Organic shampoo and conditioner"
client80,"Swimwear made from recycled fabrics, Jeans made from recycled materials, Handmade soaps with natural ingredients"
client81,"Ecological calendars and recycled paper products, Safe and durable climbing gear"
client82,"Organic cotton T-shirts, Solar panels for home installation"
client83,"Non-toxic non-stick cookware, Reusable water bottles"
client84,"Local and fair trade farm products, Ecological calendars and recycled paper products, Books on sustainability and environmental conservation"
client85,"Energy-efficient laptops, Handmade soaps with natural ingredients"
client86,"Rechargeable solar lanterns, Low-energy LED lamps"
client87,"Organic foods such as fruits, vegetables, and grains, Non-toxic non-stick cookware, Bamboo hairbrushes"
client88,"Rechargeable Bluetooth headphones, Local and fair trade farm products, Natural multi-purpose detergent, Healthy snacks free from artificial ingredients"
client89,"Bamboo toothbrush, Healthy snacks free from artificial ingredients"
cliente90,"Vegan leather bags, Rechargeable solar lanterns"
cliente91,"Safe and durable climbing equipment, Books on sustainability and environmental conservation, Rechargeable Bluetooth headphones, Low-energy LED lamps"
cliente92,"Swimwear made from recycled fabrics, Organic shampoo and conditioner, Eco-friendly camping tents, Non-toxic non-stick cookware"
cliente93,"Eco-friendly camping tents, Bamboo hairbrushes"
cliente94,"Natural multi-purpose detergent, Safe and durable climbing equipment, Handmade soaps with natural ingredients, Environmental documentary DVDs, Organic foods such as fruits, vegetables, and grains"
cliente95,"Sustainable backpacks made from recycled materials, Solar panels for home installation, Stainless steel cutlery sets"
cliente96,"Sustainable backpacks made from recycled materials, Low-energy LED lamps, Rechargeable solar lanterns"
cliente97,"Bamboo toothbrush, Rechargeable solar lanterns, Reusable water bottles, Organic shampoo and conditioner, Bamboo hairbrushes"
cliente98,"Practical guides for a more eco-friendly lifestyle, Bamboo toothbrush, Swimwear made from recycled fabrics, Educational materials for children about the environment, Bamboo hairbrushes"
cliente99,"Eco-friendly camping tents, Mineral makeup, Vegan leather bags, Sustainable backpacks made from recycled materials"
